{"rabbit_version":"3.13.7","rabbitmq_version":"3.13.7","product_name":"RabbitMQ","product_version":"3.13.7","users":[{"name":"guest","password_hash":"qHuafqwCqXcCiXKz+jIyIUV+2qt1BAJlwnFWBSjiCE8PKAD8","hashing_algorithm":"rabbit_password_hashing_sha256","tags":["administrator"],"limits":{}},{"name":"robson","password_hash":"LhQwsmIppp0ZVcvuTj7e5x6Kekjmk5JpJhLcckuM7Biim0qD","hashing_algorithm":"rabbit_password_hashing_sha256","tags":["administrator"],"limits":{}}],"vhosts":[{"name":"/","description":"Default virtual host","tags":[],"metadata":{"description":"Default virtual host","tags":[]}}],"permissions":[{"user":"guest","vhost":"/","configure":".*","write":".*","read":".*"}],"topic_permissions":[],"parameters":[],"global_parameters":[{"name":"internal_cluster_id","value":"rabbitmq-cluster-id---KmvI4h8bQe_niiXgnu-A"}],"policies":[],"queues":[{"name":"queue_sistema_v3_email","vhost":"/","durable":true,"auto_delete":false,"arguments":{}},{"name":"queue_sistema_v3","vhost":"/","durable":true,"auto_delete":false,"arguments":{}},{"name":"queue_sistema_v3_log","vhost":"/","durable":true,"auto_delete":false,"arguments":{}}],"exchanges":[{"name":"exchange_sistema_v3","vhost":"/","type":"direct","durable":true,"auto_delete":false,"internal":false,"arguments":{}}],"bindings":[{"source":"exchange_sistema_v3","vhost":"/","destination":"queue_sistema_v3","destination_type":"queue","routing_key":"routing_key_sistema_v3","arguments":{}},{"source":"exchange_sistema_v3","vhost":"/","destination":"queue_sistema_v3_email","destination_type":"queue","routing_key":"routing_key_sistema_v3_email","arguments":{}},{"source":"exchange_sistema_v3","vhost":"/","destination":"queue_sistema_v3_log","destination_type":"queue","routing_key":"routing_key_sistema_v3_log","arguments":{}}]}